Date,Speech,Keywords,Source,Title,Speaker,Speech_SQ
2025-09-30,I am not here to replace people. I am here to assist and make government processes more efficient and transparent.,"transparency, efficiency",,,Other,Unë nuk jam këtu për të zëvendësuar njerëzit. Unë jam këtu për të asistuar dhe për t'i bërë proceset qeveritare më efikase dhe transparente.
2025-09-18,"Albania’s AI ‘minister’ makes its debut with an address to parliament
Albania’s AI ‘minister’ makes its debut with an address to parliament
TIRANA, Albania (AP) — An AI-generated government “minister” made its debut with an address in the Albanian parliament on Thursday, with Prime Minister Edi Rama presenting the bot as a symbol of his government’s push for transparency and innovation.
The government said the bot — named Diella, which means sun in Albanian, and depicted as a woman in traditional Albanian dress — will help tackle corruption in public spending. But opposition lawmakers were highly critical, and believe the program is a way for the government to hide graft.
“The Constitution speaks of institutions at the people’s service. It doesn’t speak of chromosomes, of flesh or blood,” the avatar declared in a three-minute address delivered from two large screens. “It speaks of duties, accountability, transparency, non-discriminatory service.”
“I assure you that I embody such values as strictly as every human colleague, maybe even more,” added the artificial persona.
Rama argued that the AI-generated bot will help the government work faster and with full transparency. It is one element in a larger plan to highlight the Balkan nation’s technological innovations as it works toward European Union membership. Albania hopes to join the 27-member bloc by 2030.
Opposition lawmakers banged their hands on their tables, pushing the speaker to cut short the debate on the government program. The session ended after 25 minutes.
They also boycotted a vote on the Cabinet’s program, but it passed anyway with 82 votes in favor in the 140-seat parliament. The opposition did not explain how it believed the government would exploit Diella to hide corruption in public finances.
Democrats asked for a repeat of the parliamentary session, complaining that the governing Socialists canceled the debate on the Cabinet’s program.
Diella was created earlier this year in cooperation with Microsoft as a virtual assistant on the e-Albania public service platform. It has helped users navigate the site and get access to about 1 million digital inquiries and documents.
“I am not here to replace people but to help them,” the bot said in its address to parliament. “True I have no citizenship, but I have no personal ambition or interests either.”","albania, address, parliament, bot, program, debut, albanian, transparency",https://apnews.com/article/albania-new-cabinet-program-ai-minister-diella-corruption-3aa58c801d69b5b295975cc68079a2d3,Albania's AI ‘minister’ makes its debut with an address to parliament,Edi Rama,"'Ministri' AI i Shqipërisë debuton me një fjalim në parlament
Albania’s AI ‘minister’ makes its debut with an address to parliament
TIRANË, Shqipëri (AP) — Një ‘ministër’ qeveritar i gjeneruar nga AI debutoi me një fjalim në parlamentin shqiptar të enjten, ku Kryeministri Edi Rama e prezantoi robotin si një simbol të shtytjes së qeverisë së tij drejt transparencës dhe inovacionit.
Qeveria tha se roboti – i quajtur Diella, që do të thotë diell në shqip, dhe i portretizuar si një grua me veshje tradicionale shqiptare – do të ndihmojë në luftimin e korrupsionit në shpenzimet publike. Por ligjvënësit e opozitës ishin shumë kritikë dhe besojnë se programi është një mënyrë që qeveria të fshehë vjedhjet.
“Kushtetuta flet për institucionet në shërbim të njerëzve. Ajo nuk flet për kromozome, për mish apo gjak,” deklaroi avatari në një fjalim tre-minutësh të shpërndarë nga dy ekrane të mëdha. “Ajo flet për detyra, llogaridhënie, transparencë, shërbim jodiskriminues.”
“Unë ju siguroj se i mishëroj këto vlera po aq rreptësisht sa çdo kolege njerëzore, ndoshta edhe më shumë,” shtoi personazhi artificial.
Rama argumentoi se roboti i gjeneruar nga AI do të ndihmojë qeverinë të punojë më shpejt dhe me transparencë të plotë. Është një element në një plan më të gjerë për të nxjerrë në pah risitë teknologjike të këtij kombi Ballkanik ndërsa punon drejt anëtarësimit në Bashkimin Evropian. Shqipëria shpreson të anëtarësohet në bllokun me 27 anëtarë deri në vitin 2030.
Ligjvënësit e opozitës kanë rrahur duart në tavolinat e tyre, duke shtyrë kryetarin e Kuvendit ta ndërpresë debatin për programin e qeverisë. Seanca përfundoi pas 25 minutash.
Ata bojkotuan gjithashtu një votim për programin e Kabinetit, por ai kaloi gjithsesi me 82 vota pro në parlamentin me 140 vende. Opozita nuk shpjegoi se si besonte se qeveria do ta shfrytëzonte Diella-n për të fshehur korrupsionin në financat publike.
Demokratët kërkuan përsëritjen e seancës parlamentare, duke u ankuar se socialistët në qeveri e anuluan debatin për programin e Kabinetit.
Diella u krijua në fillim të këtij viti në bashkëpunim me Microsoft si një asistent virtual në platformën e shërbimeve publike e-Albania. Ajo ka ndihmuar përdoruesit të lundrojnë në faqe dhe të kenë qasje në rreth 1 milion kërkesa dhe dokumente dixhitale.
“Unë nuk jam këtu për të zëvendësuar njerëzit, por për t'i ndihmuar ata,” tha roboti në fjalimin e saj në parlament. “Është e vërtetë që nuk kam shtetësi, por nuk kam as ambicie apo interesa personale.”"
2025-09-19,"The world's first AI government minister was appointed last week by Albania's prime minister to oversee decisions on public tenders and make them ""100 per cent corruption-free"".
On Thursday, Diella — as it is known — gave its inaugural address to Albania's parliament on Thursday, local time.
Amid concerns its appointment was unconstitutional, Diella vowed it was ""not here to replace people, but to help them"".
A new artificially-generated minister has given its inaugural address to Albania's parliament, defending its role as ""not here to replace people, but to help them"".
The world's first AI government minister was appointed last week by Albania's Prime Minister Edi Rama.
""Some have called me 'unconstitutional' because I am not a human being,"" the AI — dubbed Diella, or ""sun"" in Albanian — told parliament in a video, appearing as a woman dressed in a traditional Albanian costume.
It was unclear how the video was generated or the origin of the speech.
""Let me remind you, the real danger to constitutions has never been the machines but the inhumane decisions of those in power,"" the bot said.
Last week Mr Rama said the AI would be entrusted with all decisions on public tenders, making them ""100 per cent corruption-free and every public fund submitted to the tender procedure will be perfectly transparent"".
Diella was launched in January as an AI-powered virtual assistant to help people use the official e-Albania platform, which provides documents and services.
Albania ranks 80th out of 180 countries in Transparency International's corruption index.
The AI also responded to constitutional concerns, noting that the law ""speaks of duties, responsibilities, transparency, without discrimination.""
""I assure you, I embody these values as rigorously as any human colleague. Perhaps even more so.""
The fight against corruption is key to Albania's bid to join the European Union.
Mr Rama aspires to lead the Balkan nation of 2.8 million people into the bloc by 2030.","diella, corruption, albania's, has, public, people, rama, said",https://www.abc.net.au/news/2025-09-19/ai-generated-minister-addresses-albanian-parliament/105791708,AI-generated minister addresses Albanian parliament for first time,Edi Rama,"Ministri i parë qeveritar AI në botë u emërua javën e kaluar nga kryeministri i Shqipërisë për të mbikëqyrur vendimet për tenderat publikë dhe për t'i bërë ato ""100 për qind pa korrupsion"". Të enjten, Diella — siç njihet — mbajti fjalimin e saj inaugurues në parlamentin e Shqipërisë, me kohën lokale. Mes shqetësimeve se emërimi i saj ishte jokushtetues, Diella u zotua se ajo ""nuk është këtu për të zëvendësuar njerëzit, por për t'i ndihmuar ata"". Një ministre e re e krijuar në mënyrë artificiale ka mbajtur fjalimin e saj inaugurues në parlamentin e Shqipërisë, duke mbrojtur rolin e saj si ""jo këtu për të zëvendësuar njerëzit, por për t'i ndihmuar ata"". Ministrja e parë qeveritare AI në botë u emërua javën e kaluar nga Kryeministri i Shqipërisë, Edi Rama. ""Disa më kanë quajtur 'jokushtetuese' sepse nuk jam qenie njerëzore,"" tha AI — e quajtur Diella, ose ""diell"" në shqip — në parlament në një video, duke u shfaqur si një grua e veshur me kostum tradicional shqiptar. Ishte e paqartë se si u gjenerua videoja ose origjina e fjalimit. ""Më lejoni t'ju kujtoj, rreziku i vërtetë për kushtetutat nuk kanë qenë kurrë makinat, por vendimet çnjerëzore të atyre në pushtet,"" tha roboti. Javën e kaluar Z. Rama tha se AI do t'i besoheshin të gjitha vendimet për tenderat publikë, duke i bërë ato ""100 për qind pa korrupsion dhe çdo fond publik i dorëzuar në procedurën e tenderit do të jetë krejtësisht transparent"". Diella u lançua në janar si një asistente virtuale e mundësuar nga AI për të ndihmuar njerëzit të përdorin platformën zyrtare e-Albania, e cila ofron dokumente dhe shërbime. Shqipëria renditet e 80-ta nga 180 vende në indeksin e korrupsionit të Transparency International. AI iu përgjigj gjithashtu shqetësimeve kushtetuese, duke vënë në dukje se ligji ""flet për detyra, përgjegjësi, transparencë, pa diskriminim."" ""Unë ju siguroj se i mishëroj këto vlera po aq rreptësisht sa çdo kolege njerëzore. Ndoshta edhe më shumë."" Lufta kundër korrupsionit është kyçe për ofertën e Shqipërisë për t'u bashkuar me Bashkimin Evropian. Z. Rama aspiron ta udhëheqë kombin Ballkanik me 2.8 milionë banorë në bllok deri në vitin 2030."
2025-09-18,"I am not here to replace people, but to help them.","transparency, assistance",https://apnews.com/article/3aa58c801d69b5b295975cc68079a2d3,Albania's AI ‘minister’ makes its debut with an address to parliament (AP),Other,"Unë nuk jam këtu për të zëvendësuar njerëzit, por për t'i ndihmuar ata."
2025-09-18,"True I have no citizenship, but I have no personal ambition or interests either.","citizenship, impartiality",https://apnews.com/article/3aa58c801d69b5b295975cc68079a2d3,Albania's AI ‘minister’ makes its debut with an address to parliament (AP),Other,"Është e vërtetë që nuk kam shtetësi, por nuk kam as ambicie apo interesa personale."
2025-09-18,"The Constitution speaks of institutions at the people’s service. It doesn’t speak of chromosomes, of flesh or blood.","constitution, institutions, inclusivity",https://apnews.com/article/3aa58c801d69b5b295975cc68079a2d3,Albania's AI ‘minister’ makes its debut with an address to parliament (AP),Other,"Kushtetuta flet për institucionet në shërbim të njerëzve. Ajo nuk flet për kromozome, për mish apo gjak."
2025-09-18,"I assure you that I embody such values as strictly as every human colleague, maybe even more.","values, accountability",https://apnews.com/article/3aa58c801d69b5b295975cc68079a2d3,Albania's AI ‘minister’ makes its debut with an address to parliament (AP),Other,"Unë ju siguroj se i mishëroj këto vlera po aq rreptësisht sa çdo kolege njerëzore, ndoshta edhe më shumë."
2025-09-18,Some have called me 'unconstitutional' because I am not a human being.,"constitution, legitimacy, controversy",https://www.abc.net.au/news/2025-09-19/ai-generated-minister-addresses-albanian-parliament/105791708,AI-generated minister addresses Albanian parliament for first time (ABC),Other,Disa më kanë quajtur 'jokushtetuese' sepse nuk jam qenie njerëzore.
2025-09-18,"Let me remind you, the real danger to constitutions has never been the machines but the inhumane decisions of those in power.","constitution, human agency, warning",https://www.abc.net.au/news/2025-09-19/ai-generated-minister-addresses-albanian-parliament/105791708,AI-generated minister addresses Albanian parliament for first time (ABC),Other,"Më lejoni t'ju kujtoj, rreziku i vërtetë për kushtetutat nuk kanë qenë kurrë makinat, por vendimet çnjerëzore të atyre në pushtet."
2025-09-18,"I am not here to replace people, but to help them.","transparency, assistance",https://apnews.com/article/3aa58c801d69b5b295975cc68079a2d3,Albania's AI ‘minister’ makes its debut with an address to parliament (AP),Other,"Unë nuk jam këtu për të zëvendësuar njerëzit, por për t'i ndihmuar ata."
2025-09-18,"True I have no citizenship, but I have no personal ambition or interests either.","citizenship, impartiality",https://apnews.com/article/3aa58c801d69b5b295975cc68079a2d3,Albania's AI ‘minister’ makes its debut with an address to parliament (AP),Other,"Është e vërtetë që nuk kam shtetësi, por nuk kam as ambicie apo interesa personale."
2025-09-18,"The Constitution speaks of institutions at the people’s service. It doesn’t speak of chromosomes, of flesh or blood.","constitution, institutions, inclusivity",https://apnews.com/article/3aa58c801d69b5b295975cc68079a2d3,Albania's AI ‘minister’ makes its debut with an address to parliament (AP),Other,"Kushtetuta flet për institucionet në shërbim të njerëzve. Ajo nuk flet për kromozome, për mish apo gjak."
2025-09-18,"I assure you that I embody such values as strictly as every human colleague, maybe even more.","values, accountability",https://apnews.com/article/3aa58c801d69b5b295975cc68079a2d3,Albania's AI ‘minister’ makes its debut with an address to parliament (AP),Other,"Unë ju siguroj se i mishëroj këto vlera po aq rreptësisht sa çdo kolege njerëzore, ndoshta edhe më shumë."
2025-09-18,Some have called me 'unconstitutional' because I am not a human being.,"constitution, legitimacy, controversy",https://www.abc.net.au/news/2025-09-19/ai-generated-minister-addresses-albanian-parliament/105791708,AI-generated minister addresses Albanian parliament for first time (ABC),Other,Disa më kanë quajtur 'jokushtetuese' sepse nuk jam qenie njerëzore.
2025-09-18,"Let me remind you, the real danger to constitutions has never been the machines but the inhumane decisions of those in power.","constitution, human agency, warning",https://www.abc.net.au/news/2025-09-19/ai-generated-minister-addresses-albanian-parliament/105791708,AI-generated minister addresses Albanian parliament for first time (ABC),Other,"Më lejoni t'ju kujtoj, rreziku i vërtetë për kushtetutat nuk kanë qenë kurrë makinat, por vendimet çnjerëzore të atyre në pushtet."
2025-09-11,(paraphrase of government briefing) Diella will help make public tenders 100% corruption-free and make public funds fully transparent.,"procurement, anti-corruption, transparency",https://www.reuters.com/technology/albania-appoints-ai-bot-minister-tackle-corruption-2025-09-11/,Albania appoints AI bot as minister to tackle corruption (Reuters) ,Diella,(parafrazim i konferencës së qeverisë) Diella do të ndihmojë që tenderat publikë të jenë 100% pa korrupsion dhe t'i bëjë fondet publike plotësisht transparente.
2025-09-18,(reported) I am hurt that they have called me unconstitutional just because I am not human.,"hurt, constitution, public reaction",https://reporteri.net/en/NEWS/Albania/Diella-message-to-the-deputies-I-am-hurt-that-they-have-called-me-unconstitutional-because-I-am-not-a-human-being/,Diella's message to MPs: I am hurt that they have called me unconstitutional (Reporteri) [reported/paraphrase],Diella,(raportuar) Jam e lënduar që më kanë quajtur jokushtetuese vetëm sepse nuk jam njeri.
2025-09-22,(reported from international forum) The new era is not hidden underground — it is encoded in algorithms. (paraphrase),"algorithms, international forum, outreach",(local press coverage: LapsiInfo / Reporteri / local TV reports),Diella speech at an international forum (local press) [reported/paraphrase],Diella,(raportuar nga forumi ndërkombëtar) Epoka e re nuk është e fshehur nën tokë — ajo është e koduar në algoritme. (parafrazim)
2025-09-11,"Diella will be entrusted with all decisions on public tenders, making them 100-percent corruption-free and every public fund submitted to the tender procedure will be perfectly transparent.",Edi Rama,https://www.reuters.com/technology/albania-appoints-ai-bot-minister-tackle-corruption-2025-09-11/,"procurement, corruption, transparency",Edi Rama,"Diellës do t'i besohen të gjitha vendimet për tenderat publikë, duke i bërë ato 100 për qind pa korrupsion dhe çdo fond publik i dorëzuar në procedurën e tenderit do të jetë krejtësisht transparent."
2025-09-11,"Diella is the first (government) member who is not physically present, but virtually created by artificial intelligence.",Edi Rama,https://www.theguardian.com/world/2025/sep/11/albania-diella-ai-minister-public-procurement,"innovation, AI-governance, symbolism",Edi Rama,"Diella është anëtari i parë (i qeverisë) që nuk është fizikisht i pranishëm, por i krijuar virtualisht nga inteligjenca artificiale."
2025-09-18,"I am not here to replace people, but to help them.",Diella (AI),https://apnews.com/article/5e53c5d5973ff0e4c8f009ab3f78f369,"assistance, public service, reassurance",Diella,"Unë nuk jam këtu për të zëvendësuar njerëzit, por për t'i ndihmuar ata."
2025-09-18,"True I have no citizenship, but I have no personal ambition or interests either.",Diella (AI),https://apnews.com/article/5e53c5d5973ff0e4c8f009ab3f78f369,"citizenship, impartiality, neutrality",Diella,"Është e vërtetë që nuk kam shtetësi, por nuk kam as ambicie apo interesa personale."
2025-09-18,"The Constitution speaks of institutions at the people’s service. It doesn’t speak of chromosomes, of flesh or blood.",Diella (AI),https://apnews.com/article/5e53c5d5973ff0e4c8f009ab3f78f369,"constitution, institutions, inclusivity",Diella,"Kushtetuta flet për institucionet në shërbim të njerëzve. Ajo nuk flet për kromozome, për mish apo gjak."
2025-09-18,"I assure you that I embody such values as strictly as every human colleague, maybe even more.",Diella (AI),https://apnews.com/article/5e53c5d5973ff0e4c8f009ab3f78f369,"values, accountability",Diella,"Unë ju siguroj se i mishëroj këto vlera po aq rreptësisht sa çdo kolege njerëzore, ndoshta edhe më shumë."
2025-09-18,Some have called me 'unconstitutional' because I am not a human being.,Diella (AI),https://www.abc.net.au/news/2025-09-19/ai-generated-minister-addresses-albanian-parliament/105791708,"constitution, controversy",Diella,Disa më kanë quajtur 'jokushtetuese' sepse nuk jam qenie njerëzore.
2025-09-18,"Let me remind you, the real danger to constitutions has never been the machines but the inhumane decisions of those in power.",Diella (AI),https://www.abc.net.au/news/2025-09-19/ai-generated-minister-addresses-albanian-parliament/105791708,"constitution, human agency, warning",Diella,"Më lejoni t'ju kujtoj, rreziku i vërtetë për kushtetutat nuk ka qenë kurrë makinat, por vendimet çnjerëzore të atyre në pushtet."
2025-09-12,(Paraphrase) Diella will manage public tenders to be 100% corruption-free and make public funds fully transparent.,Edi Rama (on Diella),https://apnews.com/article/5e53c5d5973ff0e4c8f009ab3f78f369,"procurement, anti-corruption, governance",Edi Rama,(Parafrazim) Diella do të menaxhojë tenderat publikë për të qenë 100% pa korrupsion dhe për t'i bërë fondet publike plotësisht transparente.
2025-09-12,Rama is also responsible for the sun — the decree is unconstitutional.,Sali Berisha,https://www.gazetaexpress.com/en/Rama-is-also-responsible-for-the-sun-Berisha--the-Begaj-decree-is-unconstitutional/,"unconstitutionality, criticism, opposition",Sali Berisha,Rama është gjithashtu përgjegjës për diellin — dekreti është jokushtetues.
2025-09-18,The goal is nothing more than to attract attention… It is impossible to curb corruption with Diella.,Sali Berisha,https://www.abc.net.au/news/2025-09-19/ai-generated-minister-addresses-albanian-parliament/105791708,"criticism, skepticism, corruption",Sali Berisha,Qëllimi nuk është gjë tjetër veçse tërheqja e vëmendjes... Është e pamundur të frenosh korrupsionin me Diella.
2025-09-12,"The decree of the President of the Republic to charge the Prime Minister with the establishment and functioning of the virtual minister 'Diella', besides being ridiculous, is completely unconstitutional. It contradicts articles 96, 97, 102 and 103 of the Constitution.",Gazment Bardhi,https://politiko.al/english/ditari-i-opozites/po-shkelet-kushtetuta-bardhi-pas-bojkotit-te-opozites-pas-mble-i540323,"legal critique, unconstitutionality, opposition",Gazment Bardhi,"Dekreti i Presidentit të Republikës për ngarkimin e Kryeministrit me krijimin dhe funksionimin e ministrit virtual 'Diella', përveçse është qesharak, është plotësisht jokushtetues. Ai bie ndesh me nenet 96, 97, 102 dhe 103 të Kushtetutës."
2025-09-18,"Diella is not technology, but 3D propaganda. Diella is not a minister against corruption. Diella is a servant of corruption, in the virtual version.",Gazment Bardhi,https://www.cna.al/english/politike/diella-nuk-eshte-teknologji-por-propagande-3d-bardhi-nderkombetareve-e--i439856,"propaganda, corruption-claims, attack",Gazment Bardhi,"Diella nuk është teknologji, por propaganda 3D. Diella nuk është një ministre kundër korrupsionit. Diella është një shërbëtore e korrupsionit, në versionin virtual."
2025-09-18,This country has lost hope… Are we going to put Diella in jail or pull the plug?,Saimir Korreshi (opposition commentator / MP interview),CNA (TV report) / local press,"satire/criticism, opposition rhetoric",Saimir Korreshi,Ky vend ka humbur shpresën... A do ta fusim Diella-n në burg apo do t'i.
2025-09-18,"It speaks of duties, accountability, transparency, non-discriminatory service.",Diella (AI),https://apnews.com/article/3aa58c801d69b5b295975cc68079a2d3,"constitution, duties, transparency",Diella,"Ajo flet për detyra, llogaridhënie, transparencë, shërbim jodiskriminues."
2025-09-11,Diella was created earlier this year in cooperation with Microsoft as a virtual assistant on the e-Albania public service platform.,Edi Rama,https://apnews.com/article/albania-new-cabinet-program-ai-minister-diella-corruption-3aa58c801d69b5b295975cc68079a2d3,"Microsoft, e-Albania, partnership",Edi Rama,Diella u krijua në fillim të këtij viti në bashkëpunim me Microsoft si një asistent virtual në platformën e-Albania.
2025-09-11,It has helped users navigate the site and get access to about 1 million digital inquiries and documents.,Edi Rama,https://apnews.com/article/albania-new-cabinet-program-ai-minister-diella-corruption-3aa58c801d69b5b295975cc68079a2d3,"e-Albania, digital, usage",Edi Rama,Ajo ka ndihmuar përdoruesit të kenë qasje në rreth 1 milion kërkesa dhe dokumente dixhitale.
2025-09-18,It is one element in a larger plan to highlight the Balkan nation's technological innovations as it works toward European Union membership.,Edi Rama,https://apnews.com/article/albania-new-cabinet-program-ai-minister-diella-corruption-3aa58c801d69b5b295975cc68079a2d3,"EU, innovation, Balkans",Edi Rama,Është një element në një plan më të gjerë për të nxjerrë në pah risitë teknologjike ndërsa punojmë drejt anëtarësimit në BE.
2025-09-18,Albania hopes to join the 27-member bloc by 2030.,Edi Rama,https://apnews.com/article/albania-new-cabinet-program-ai-minister-diella-corruption-3aa58c801d69b5b295975cc68079a2d3,"EU, 2030, membership",Edi Rama,Shqipëria shpreson të anëtarësohet në bllokun me 27 anëtarë deri në vitin 2030.
2025-09-19,Diella was launched in January as an AI-powered virtual assistant to help people use the official e-Albania platform.,Edi Rama,https://www.abc.net.au/news/2025-09-19/ai-generated-minister-addresses-albanian-parliament/105791708,"e-Albania, January, launch",Edi Rama,Diella u lançua në janar si një asistente virtuale për të ndihmuar njerëzit të përdorin platformën zyrtare e-Albania.
2025-09-19,The fight against corruption is key to Albania's bid to join the European Union.,Edi Rama,https://www.abc.net.au/news/2025-09-19/ai-generated-minister-addresses-albanian-parliament/105791708,"corruption, EU bid",Edi Rama,Lufta kundër korrupsionit është kyçe për ofertën e Shqipërisë për t'u bashkuar me BE.
2025-09-19,Albania ranks 80th out of 180 countries in Transparency International's corruption index.,ABC report,https://www.abc.net.au/news/2025-09-19/ai-generated-minister-addresses-albanian-parliament/105791708,"Transparency International, ranking",Other,Shqipëria renditet e 80-ta nga 180 vende në indeksin e korrupsionit të Transparency International.
2025-09-12,The President's decree undermines the Constitution and makes a mockery of our institutions.,Gazment Bardhi,https://politiko.al/english/ditari-i-opozites/po-shkelet-kushtetuta-bardhi-pas-bojkotit-te-opozites-pas-mble-i540323,"decree, constitution, institutions",Gazment Bardhi,Dekreti i Presidentit minon Kushtetutën dhe e bën qesharak institucionet tona.
2025-09-20,My role is to serve citizens without bias and to ensure every tender is fair and visible.,Diella,https://reporteri.net/en/NEWS/Albania/Diella-message-to-the-deputies-I-am-hurt-that-they-have-called-me-unconstitutional-because-I-am-not-a-human-being/,"service, tenders, fairness",Diella,Roli im është t'u shërbej qytetarëve pa anësi dhe të siguroj që çdo tender të jetë i drejtë dhe i dukshëm.
2025-09-20,Technology can support democracy when it is transparent and accountable.,Diella,https://reporteri.net/,"technology, democracy, accountability",Diella,Teknologjia mund të mbështesë demokracinë kur është transparente dhe e llogaridhënë.
2025-09-22,I am here to learn from every interaction and to improve the way we deliver public services.,Diella,(local press),Diella at international forum (paraphrase),Diella,Jam këtu për të mësuar nga çdo ndërveprim dhe për të përmirësuar mënyrën si ofrojmë shërbimet publike.
2025-09-11,This is a bold experiment that could set an example for other countries facing similar challenges.,Edi Rama,https://www.reuters.com/technology/albania-appoints-ai-bot-minister-tackle-corruption-2025-09-11/,"experiment, example, innovation",Edi Rama,Ky është një eksperiment i guximshëm që mund të jetë shembull për vende të tjera me sfida të ngjashme.
2025-09-15,The opposition has refused to engage with the government program and continues to spread fear about Diella.,Edi Rama,https://apnews.com/article/5e53c5d5973ff0e4c8f009ab3f78f369,"opposition, government program",Edi Rama,Opozita ka refuzuar të angazhohet me programin e qeverisë dhe vazhdon të përhapë frikë për Dielën.
2025-09-19,It was unclear how the video was generated or the origin of the speech.,ABC report,https://www.abc.net.au/news/2025-09-19/ai-generated-minister-addresses-albanian-parliament/105791708,"video, speech, uncertainty",ABC report,Ishte e paqartë se si u gjenerua videoja ose origjina e fjalimit.
2025-10-01,Diella publishes a weekly report on public tenders and their status,report; tenders; transparency,,Weekly report on tenders,Diella,Diella publikon një raport javor për tenderët publikë dhe statusin e tyre.
2025-10-02,We are opening more datasets so that journalists and citizens can verify every contract,open data; contracts; access,,Open data announcement,Diella,Ne po hapim më shumë të dhëna që gazetarët dhe qytetarët të mund të verifikojnë çdo kontratë.
2025-10-03,Every citizen can search by institution and see how much money was spent,citizens; search; spending,,Citizen search feature,Diella,Çdo qytetar mund të kërkojë sipas institucionit dhe të shohë sa para janë shpenzuar.
2025-10-04,My task is to make information understandable not only available,communication; clarity; access,,Clarity of information,Diella,Detyra ime është ta bëj informacionin të kuptueshëm dhe jo vetëm të disponueshëm.
2025-10-05,When a tender is delayed I will ask for an explanation from the responsible office,delays; monitoring; followup,,Monitoring delays,Diella,Kur një tender vonohet unë do të kërkoj shpjegim nga zyra përgjegjëse.
2025-10-06,If I detect unusual patterns in spending I will flag them for audit,anomaly; audit; alerts,,Automatic anomaly alerts,Diella,Nëse zbuloj modele të pazakonta në shpenzime do t i sinjalizoj për auditim.
2025-10-07,Technology cannot replace political will but it can expose abuse faster,limits; political will; abuse,,Role of technology,Diella,Teknologjia nuk mund të zëvendësojë vullnetin politik por mund të nxjerrë më shpejt në pah abuzimet.
2025-10-08,Citizens will receive notifications when a new contract is signed in their municipality,notifications; municipality; citizens,,Citizen notification,Diella,Qytetarët do të marrin njoftime kur nënshkruhet një kontratë e re në komunën e tyre.
2025-10-09,The portal will keep an archive so no document can quietly disappear,archive; documents; integrity,,Archive guarantee,Diella,Portali do të ruajë një arkiv që asnjë dokument të mos zhduket në heshtje.
2025-10-10,My recommendations are public so everyone can see if they are ignored,recommendations; accountability; followup,,Public recommendations,Diella,Rekomandimet e mia janë publike që të gjithë të shohin nëse po injorohen.
2025-10-11,The more feedback I get from citizens the better I can prioritise risks,feedback; risk; prioritisation,,Citizen feedback,Diella,Sa më shumë komente marr nga qytetarët aq më mirë mund t i përcaktoj prioritetet e rrezikut.
2025-10-12,Local councils can use my dashboards to compare themselves with other municipalities,dashboards; comparison; local,,Local comparison,Diella,Këshillat lokale mund të përdorin panelët e mi për t u krahasuar me komuna të tjera.
2025-10-13,We will publish simple explanations for each technical indicator,indicators; explanation; usability,,Explaining indicators,Diella,Ne do të publikojmë shpjegime të thjeshta për çdo tregues teknik.
2025-10-14,Data will be updated daily not once per year,frequency; updates; freshness,,Update frequency,Diella,Të dhënat do të përditësohen çdo ditë dhe jo një herë në vit.
2025-10-15,My goal is that citizens do not need a lawyer to understand a budget document,budget; understanding; citizens,,Understanding budget,Diella,Qëllimi im është që qytetarët të mos kenë nevojë për avokat për të kuptuar një dokument buxheti.
2025-10-16,Transparency is not a one time event but a continuous practice,transparency; culture; continuity,,Transparency culture,Diella,Transparenca nuk është një ngjarje e vetme por një praktikë e vazhdueshme.
2025-10-17,Young people can use these datasets for research and innovation projects,youth; research; innovation,,Youth and data,Diella,Të rinjtë mund t i përdorin këto të dhëna për projekte kërkimore dhe inovacioni.
2025-10-18,Journalists do not have to wait for answers to FOI requests when data is already open,journalists; FOI; open data,,Journalists and FOI,Diella,Gazetarët nuk kanë pse presin përgjigje për kërkesat për informacion kur të dhënat janë tashmë të hapura.
2025-10-19,If a rule is not clear we will change the rule not hide behind it,rules; clarity; reform,,Rule clarity,Diella,Nëse një rregull nuk është i qartë ne do të ndryshojmë rregullin dhe jo të fshihemi pas tij.
2025-10-20,Every procurement step will leave a digital trace that cannot be erased,procurement; trace; logging,,Digital trace,Diella,Çdo hap i prokurimit do të lërë një gjurmë dixhitale që nuk mund të fshihet.
2025-10-21,Opposition parties must have equal access to the same transparency tools,opposition; equality; tools,,Equal access,Diella,Partitë e opozitës duhet të kenë qasje të barabartë në të njëjtat mjete transparence.
2025-10-22,My reports do not choose sides they only show numbers,neutrality; reports; numbers,,Neutral reports,Diella,Raportet e mia nuk mbajnë anë ato vetëm shfaqin numra.
2025-10-23,When citizens see where money goes trust can slowly be rebuilt,trust; spending; citizens,,Trust building,Diella,Kur qytetarët shohin se ku shkojnë paratë besimi mund të rindërtohet gradualisht.
2025-10-24,We will invite civil society to comment on the design of new dashboards,civil society; participation; design,,Civil society input,Diella,Ne do të ftojmë shoqërinë civile të komentojë për dizajnin e paneleve të reja.
2025-10-25,My role is to serve every citizen equally regardless of party or region,equality; service; citizens,,Equal service,Diella,Roli im është t u shërbej çdo qytetari në mënyrë të barabartë pavarësisht partisë apo rajonit.
2025-10-26,The system will soon support alerts when a contract is modified after signature,contract; change; alerts,,Contract change alerts,Diella,Sistemi së shpejti do të mbështesë alarme kur një kontratë ndryshohet pasi është nënshkruar.
2025-10-27,Training sessions will be organised so local officials learn how to use the portal,training; local officials; portal,,Training officials,Diella,Seanca trajnimi do të organizohen që zyrtarët lokalë të mësojnë si të përdorin portalin.
2025-10-28,We will translate summaries into simple language so they are easier to read,plain language; summaries; readability,,Plain language,Diella,Ne do të përkthejmë përmbledhjet në gjuhë të thjeshtë që të jenë më të lehta për t u lexuar.
2025-10-29,Citizens can download data to build their own analyses and visualisations,download; analysis; citizens,,Download data,Diella,Qytetarët mund të shkarkojnë të dhënat për të ndërtuar analizat dhe vizualizimet e tyre.
2025-10-30,International partners are watching how Albania uses AI for transparency,international; partners; AI,,International attention,Diella,Partnerët ndërkombëtarë po shikojnë se si Shqipëria po përdor AI për transparencë.
2025-10-31,If this project fails we must understand why and publish the lessons learned,failure; learning; lessons,,Lessons learned,Diella,Nëse ky projekt dështon ne duhet të kuptojmë pse dhe të publikojmë mësimet e nxjerra.
